epoch,l1_loss,const_loss,discriminator_acc,font_classification_acc
6,0.04972077623009682,0.039041084107011556,0.5040752425789833,0.83
7,0.04816785514354706,0.040406441502273086,0.4922544541954994,0.0
